{
  "CTYPE1": "RA---TAN-SIP",
  "BP_1_1": 9.83180820202e-06,
  "CRPIX2": 282.25793594,
  "B_2_0": -1.79788671636e-06,
  "CTYPE2": "DEC--TAN-SIP",
  "AP_0_2": -4.1920912697e-06,
  "A_2_0": 3.9300476517e-06,
  "CRPIX1": 380.164939201,
  "CRVAL1": 92.1999317203,
  "AP_1_0": 5.22666659297e-06,
  "BP_0_1": 3.30712575873e-06,
  "AP_ORDER": 2,
  "CRVAL2": 24.266111042,
  "A_1_1": -9.36035103009e-06,
  "LONPOLE": 180.0,
  "CD2_1": -0.00024375412196,
  "A_0_2": 4.19106573999e-06,
  "NAXIS1": 800,
  "HISTORY": "",
  "CD2_2": -0.00107529253015,
  "BITPIX": -64,
  "LATPOLE": 0.0,
  "BP_0_2": -2.5335085263e-06,
  "EXTEND": true,
  "AP_0_1": -2.76925665144e-06,
  "DATE": "2016-02-02T21:09:29",
  "CD1_1": -0.00107759345153,
  "COMMENT": "",
  "BP_2_0": 1.79757222845e-06,
  "IMAGEW": 800,
  "AP_1_1": 9.3588460297e-06,
  "B_0_2": 2.53432818348e-06,
  "SIMPLE": true,
  "IMAGEH": 550,
  "BP_1_0": 4.41793981019e-07,
  "B_1_1": -9.82847582538e-06,
  "NAXIS2": 550,
  "B_ORDER": 2,
  "CUNIT1": "deg     ",
  "NAXIS": 2,
  "CUNIT2": "deg     ",
  "BP_ORDER": 2,
  "CD1_2": 0.000245811072478,
  "EQUINOX": 2000.0,
  "AP_2_0": -3.92772816824e-06,
  "A_ORDER": 2,
  "WCSAXES": 2
}